[{"model": "admin.logentry", "pk": 1, "fields": {"action_time": "2024-08-07T18:03:39.345Z", "user": 1, "content_type": 9, "object_id": "1", "object_repr": "test", "action_flag": 1, "change_message": "[{\"added\": {}}]"}}, {"model": "admin.logentry", "pk": 2, "fields": {"action_time": "2024-08-08T03:22:49.257Z", "user": 1, "content_type": 9, "object_id": "1", "object_repr": "Bills", "action_flag": 2, "change_message": "[{\"changed\": {\"fields\": [\"Name\"]}}]"}}, {"model": "admin.logentry", "pk": 3, "fields": {"action_time": "2024-08-08T03:22:55.096Z", "user": 1, "content_type": 9, "object_id": "2", "object_repr": "Dining Out", "action_flag": 1, "change_message": "[{\"added\": {}}]"}}, {"model": "admin.logentry", "pk": 4, "fields": {"action_time": "2024-08-08T03:23:00.145Z", "user": 1, "content_type": 9, "object_id": "3", "object_repr": "Entertainment", "action_flag": 1, "change_message": "[{\"added\": {}}]"}}, {"model": "admin.logentry", "pk": 5, "fields": {"action_time": "2024-08-08T03:23:05.284Z", "user": 1, "content_type": 9, "object_id": "4", "object_repr": "Groceries", "action_flag": 1, "change_message": "[{\"added\": {}}]"}}, {"model": "admin.logentry", "pk": 6, "fields": {"action_time": "2024-08-08T03:25:10.524Z", "user": 1, "content_type": 9, "object_id": "4", "object_repr": "Groceries", "action_flag": 3, "change_message": ""}}, {"model": "admin.logentry", "pk": 7, "fields": {"action_time": "2024-08-08T03:25:10.528Z", "user": 1, "content_type": 9, "object_id": "3", "object_repr": "Entertainment", "action_flag": 3, "change_message": ""}}, {"model": "admin.logentry", "pk": 8, "fields": {"action_time": "2024-08-08T03:25:10.530Z", "user": 1, "content_type": 9, "object_id": "2", "object_repr": "Dining Out", "action_flag": 3, "change_message": ""}}, {"model": "admin.logentry", "pk": 9, "fields": {"action_time": "2024-08-08T03:25:10.532Z", "user": 1, "content_type": 9, "object_id": "1", "object_repr": "Bills", "action_flag": 3, "change_message": ""}}, {"model": "admin.logentry", "pk": 10, "fields": {"action_time": "2024-08-08T03:25:53.548Z", "user": 1, "content_type": 9, "object_id": "5", "object_repr": "Bills", "action_flag": 1, "change_message": "[{\"added\": {}}]"}}, {"model": "admin.logentry", "pk": 11, "fields": {"action_time": "2024-08-08T03:26:04.633Z", "user": 1, "content_type": 9, "object_id": "6", "object_repr": "Dining Out", "action_flag": 1, "change_message": "[{\"added\": {}}]"}}, {"model": "admin.logentry", "pk": 12, "fields": {"action_time": "2024-08-08T03:26:10.614Z", "user": 1, "content_type": 9, "object_id": "7", "object_repr": "Entertainment", "action_flag": 1, "change_message": "[{\"added\": {}}]"}}, {"model": "admin.logentry", "pk": 13, "fields": {"action_time": "2024-08-08T03:26:15.281Z", "user": 1, "content_type": 9, "object_id": "8", "object_repr": "Gifts", "action_flag": 1, "change_message": "[{\"added\": {}}]"}}, {"model": "admin.logentry", "pk": 14, "fields": {"action_time": "2024-08-08T03:26:21.312Z", "user": 1, "content_type": 9, "object_id": "9", "object_repr": "Groceries", "action_flag": 1, "change_message": "[{\"added\": {}}]"}}, {"model": "admin.logentry", "pk": 15, "fields": {"action_time": "2024-08-08T03:26:29.587Z", "user": 1, "content_type": 9, "object_id": "10", "object_repr": "Other", "action_flag": 1, "change_message": "[{\"added\": {}}]"}}, {"model": "admin.logentry", "pk": 16, "fields": {"action_time": "2024-08-08T03:26:34.049Z", "user": 1, "content_type": 9, "object_id": "11", "object_repr": "Shopping", "action_flag": 1, "change_message": "[{\"added\": {}}]"}}, {"model": "admin.logentry", "pk": 17, "fields": {"action_time": "2024-08-08T03:27:10.901Z", "user": 1, "content_type": 9, "object_id": "11", "object_repr": "Random Impulse Buy", "action_flag": 2, "change_message": "[{\"changed\": {\"fields\": [\"Name\"]}}]"}}, {"model": "admin.logentry", "pk": 18, "fields": {"action_time": "2024-08-08T03:28:00.929Z", "user": 1, "content_type": 9, "object_id": "12", "object_repr": "Shopping", "action_flag": 1, "change_message": "[{\"added\": {}}]"}}, {"model": "admin.logentry", "pk": 19, "fields": {"action_time": "2024-08-08T03:28:19.068Z", "user": 1, "content_type": 9, "object_id": "13", "object_repr": "Business", "action_flag": 1, "change_message": "[{\"added\": {}}]"}}, {"model": "admin.logentry", "pk": 20, "fields": {"action_time": "2024-08-08T03:28:24.115Z", "user": 1, "content_type": 9, "object_id": "14", "object_repr": "Investments", "action_flag": 1, "change_message": "[{\"added\": {}}]"}}, {"model": "admin.logentry", "pk": 21, "fields": {"action_time": "2024-08-08T03:28:27.100Z", "user": 1, "content_type": 9, "object_id": "15", "object_repr": "Salary", "action_flag": 1, "change_message": "[{\"added\": {}}]"}}, {"model": "admin.logentry", "pk": 22, "fields": {"action_time": "2024-08-08T21:05:40.798Z", "user": 1, "content_type": 8, "object_id": "6", "object_repr": "Checkings", "action_flag": 1, "change_message": "[{\"added\": {}}]"}}, {"model": "admin.logentry", "pk": 23, "fields": {"action_time": "2024-08-08T21:05:47.564Z", "user": 1, "content_type": 8, "object_id": "7", "object_repr": "Savings", "action_flag": 1, "change_message": "[{\"added\": {}}]"}}, {"model": "admin.logentry", "pk": 24, "fields": {"action_time": "2024-08-08T21:07:14.644Z", "user": 1, "content_type": 8, "object_id": "8", "object_repr": "Credit Card", "action_flag": 1, "change_message": "[{\"added\": {}}]"}}, {"model": "admin.logentry", "pk": 25, "fields": {"action_time": "2024-08-08T21:07:21.869Z", "user": 1, "content_type": 8, "object_id": "9", "object_repr": "Investments", "action_flag": 1, "change_message": "[{\"added\": {}}]"}}, {"model": "admin.logentry", "pk": 26, "fields": {"action_time": "2024-08-08T21:10:47.426Z", "user": 1, "content_type": 7, "object_id": "19", "object_repr": "Pay Check - 3000", "action_flag": 1, "change_message": "[{\"added\": {}}]"}}, {"model": "admin.logentry", "pk": 27, "fields": {"action_time": "2024-08-08T21:11:03.856Z", "user": 1, "content_type": 7, "object_id": "20", "object_repr": "Pay Check - 3000", "action_flag": 1, "change_message": "[{\"added\": {}}]"}}, {"model": "admin.logentry", "pk": 28, "fields": {"action_time": "2024-08-08T21:11:20.499Z", "user": 1, "content_type": 7, "object_id": "21", "object_repr": "Business Profit - 1500", "action_flag": 1, "change_message": "[{\"added\": {}}]"}}, {"model": "admin.logentry", "pk": 29, "fields": {"action_time": "2024-08-08T21:11:39.703Z", "user": 1, "content_type": 7, "object_id": "22", "object_repr": "Business Profit - 1200", "action_flag": 1, "change_message": "[{\"added\": {}}]"}}, {"model": "admin.logentry", "pk": 30, "fields": {"action_time": "2024-08-08T21:12:17.433Z", "user": 1, "content_type": 7, "object_id": "23", "object_repr": "Selling Stocks - 800", "action_flag": 1, "change_message": "[{\"added\": {}}]"}}, {"model": "admin.logentry", "pk": 31, "fields": {"action_time": "2024-08-08T21:12:31.266Z", "user": 1, "content_type": 7, "object_id": "24", "object_repr": "Selling Stocks - 1400", "action_flag": 1, "change_message": "[{\"added\": {}}]"}}, {"model": "admin.logentry", "pk": 32, "fields": {"action_time": "2024-08-08T21:12:50.410Z", "user": 1, "content_type": 7, "object_id": "25", "object_repr": "Bonus - 4000", "action_flag": 1, "change_message": "[{\"added\": {}}]"}}, {"model": "admin.logentry", "pk": 33, "fields": {"action_time": "2024-08-08T21:13:15.293Z", "user": 1, "content_type": 7, "object_id": "26", "object_repr": "Electricity Bill - 120", "action_flag": 1, "change_message": "[{\"added\": {}}]"}}, {"model": "admin.logentry", "pk": 34, "fields": {"action_time": "2024-08-08T21:13:41.279Z", "user": 1, "content_type": 7, "object_id": "27", "object_repr": "Water Bill - 60", "action_flag": 1, "change_message": "[{\"added\": {}}]"}}, {"model": "admin.logentry", "pk": 35, "fields": {"action_time": "2024-08-08T21:13:52.073Z", "user": 1, "content_type": 7, "object_id": "28", "object_repr": "Internet Bill - 70", "action_flag": 1, "change_message": "[{\"added\": {}}]"}}, {"model": "admin.logentry", "pk": 36, "fields": {"action_time": "2024-08-08T21:14:05.206Z", "user": 1, "content_type": 7, "object_id": "29", "object_repr": "Phone Bill - 55", "action_flag": 1, "change_message": "[{\"added\": {}}]"}}, {"model": "admin.logentry", "pk": 37, "fields": {"action_time": "2024-08-08T21:14:30.202Z", "user": 1, "content_type": 7, "object_id": "30", "object_repr": "Restaurant - 100", "action_flag": 1, "change_message": "[{\"added\": {}}]"}}, {"model": "admin.logentry", "pk": 38, "fields": {"action_time": "2024-08-08T21:14:52.921Z", "user": 1, "content_type": 7, "object_id": "31", "object_repr": "Coffee - 2", "action_flag": 1, "change_message": "[{\"added\": {}}]"}}, {"model": "admin.logentry", "pk": 39, "fields": {"action_time": "2024-08-08T21:15:03.218Z", "user": 1, "content_type": 7, "object_id": "32", "object_repr": "McDonalds - 250", "action_flag": 1, "change_message": "[{\"added\": {}}]"}}, {"model": "admin.logentry", "pk": 40, "fields": {"action_time": "2024-08-08T21:15:32.851Z", "user": 1, "content_type": 7, "object_id": "33", "object_repr": "New Deadpool - 40", "action_flag": 1, "change_message": "[{\"added\": {}}]"}}, {"model": "admin.logentry", "pk": 41, "fields": {"action_time": "2024-08-08T21:15:53.151Z", "user": 1, "content_type": 7, "object_id": "34", "object_repr": "Concert - 120", "action_flag": 1, "change_message": "[{\"added\": {}}]"}}, {"model": "admin.logentry", "pk": 42, "fields": {"action_time": "2024-08-08T21:16:18.052Z", "user": 1, "content_type": 7, "object_id": "35", "object_repr": "Sports Event - 200", "action_flag": 1, "change_message": "[{\"added\": {}}]"}}, {"model": "admin.logentry", "pk": 43, "fields": {"action_time": "2024-08-08T21:16:48.650Z", "user": 1, "content_type": 7, "object_id": "36", "object_repr": "Birthday Gift - 50", "action_flag": 1, "change_message": "[{\"added\": {}}]"}}, {"model": "admin.logentry", "pk": 44, "fields": {"action_time": "2024-08-08T21:17:01.495Z", "user": 1, "content_type": 7, "object_id": "37", "object_repr": "Christmas - 500", "action_flag": 1, "change_message": "[{\"added\": {}}]"}}, {"model": "admin.logentry", "pk": 45, "fields": {"action_time": "2024-08-08T21:17:21.342Z", "user": 1, "content_type": 7, "object_id": "38", "object_repr": "Fix Car - 2500", "action_flag": 1, "change_message": "[{\"added\": {}}]"}}, {"model": "admin.logentry", "pk": 46, "fields": {"action_time": "2024-08-08T21:17:58.193Z", "user": 1, "content_type": 7, "object_id": "39", "object_repr": "Medical Stuff - 1500000", "action_flag": 1, "change_message": "[{\"added\": {}}]"}}, {"model": "admin.logentry", "pk": 47, "fields": {"action_time": "2024-08-08T21:18:12.221Z", "user": 1, "content_type": 7, "object_id": "40", "object_repr": "Misc Purchase - 85", "action_flag": 1, "change_message": "[{\"added\": {}}]"}}, {"model": "admin.logentry", "pk": 48, "fields": {"action_time": "2024-08-08T21:18:28.593Z", "user": 1, "content_type": 7, "object_id": "41", "object_repr": "New House For Fun - 1500000", "action_flag": 1, "change_message": "[{\"added\": {}}]"}}, {"model": "admin.logentry", "pk": 49, "fields": {"action_time": "2024-08-08T21:18:53.415Z", "user": 1, "content_type": 7, "object_id": "42", "object_repr": "Drum Kit - 2000", "action_flag": 1, "change_message": "[{\"added\": {}}]"}}, {"model": "admin.logentry", "pk": 50, "fields": {"action_time": "2024-08-08T21:19:05.649Z", "user": 1, "content_type": 7, "object_id": "43", "object_repr": "Clothes - 100", "action_flag": 1, "change_message": "[{\"added\": {}}]"}}, {"model": "admin.logentry", "pk": 51, "fields": {"action_time": "2024-08-08T21:19:16.666Z", "user": 1, "content_type": 7, "object_id": "44", "object_repr": "Shoes - 200", "action_flag": 1, "change_message": "[{\"added\": {}}]"}}, {"model": "admin.logentry", "pk": 52, "fields": {"action_time": "2024-08-08T21:20:07.533Z", "user": 1, "content_type": 7, "object_id": "45", "object_repr": "Accessories - 64.21", "action_flag": 1, "change_message": "[{\"added\": {}}]"}}, {"model": "admin.logentry", "pk": 53, "fields": {"action_time": "2024-08-08T21:20:30.629Z", "user": 1, "content_type": 7, "object_id": "46", "object_repr": "Amazon Prime Day - 25000", "action_flag": 1, "change_message": "[{\"added\": {}}]"}}, {"model": "admin.logentry", "pk": 54, "fields": {"action_time": "2024-08-08T21:21:31.170Z", "user": 1, "content_type": 7, "object_id": "47", "object_repr": "Mall Trip - 420", "action_flag": 1, "change_message": "[{\"added\": {}}]"}}, {"model": "auth.permission", "pk": 1, "fields": {"name": "Can add log entry", "content_type": 1, "codename": "add_logentry"}}, {"model": "auth.permission", "pk": 2, "fields": {"name": "Can change log entry", "content_type": 1, "codename": "change_logentry"}}, {"model": "auth.permission", "pk": 3, "fields": {"name": "Can delete log entry", "content_type": 1, "codename": "delete_logentry"}}, {"model": "auth.permission", "pk": 4, "fields": {"name": "Can view log entry", "content_type": 1, "codename": "view_logentry"}}, {"model": "auth.permission", "pk": 5, "fields": {"name": "Can add permission", "content_type": 2, "codename": "add_permission"}}, {"model": "auth.permission", "pk": 6, "fields": {"name": "Can change permission", "content_type": 2, "codename": "change_permission"}}, {"model": "auth.permission", "pk": 7, "fields": {"name": "Can delete permission", "content_type": 2, "codename": "delete_permission"}}, {"model": "auth.permission", "pk": 8, "fields": {"name": "Can view permission", "content_type": 2, "codename": "view_permission"}}, {"model": "auth.permission", "pk": 9, "fields": {"name": "Can add group", "content_type": 3, "codename": "add_group"}}, {"model": "auth.permission", "pk": 10, "fields": {"name": "Can change group", "content_type": 3, "codename": "change_group"}}, {"model": "auth.permission", "pk": 11, "fields": {"name": "Can delete group", "content_type": 3, "codename": "delete_group"}}, {"model": "auth.permission", "pk": 12, "fields": {"name": "Can view group", "content_type": 3, "codename": "view_group"}}, {"model": "auth.permission", "pk": 13, "fields": {"name": "Can add user", "content_type": 4, "codename": "add_user"}}, {"model": "auth.permission", "pk": 14, "fields": {"name": "Can change user", "content_type": 4, "codename": "change_user"}}, {"model": "auth.permission", "pk": 15, "fields": {"name": "Can delete user", "content_type": 4, "codename": "delete_user"}}, {"model": "auth.permission", "pk": 16, "fields": {"name": "Can view user", "content_type": 4, "codename": "view_user"}}, {"model": "auth.permission", "pk": 17, "fields": {"name": "Can add content type", "content_type": 5, "codename": "add_contenttype"}}, {"model": "auth.permission", "pk": 18, "fields": {"name": "Can change content type", "content_type": 5, "codename": "change_contenttype"}}, {"model": "auth.permission", "pk": 19, "fields": {"name": "Can delete content type", "content_type": 5, "codename": "delete_contenttype"}}, {"model": "auth.permission", "pk": 20, "fields": {"name": "Can view content type", "content_type": 5, "codename": "view_contenttype"}}, {"model": "auth.permission", "pk": 21, "fields": {"name": "Can add session", "content_type": 6, "codename": "add_session"}}, {"model": "auth.permission", "pk": 22, "fields": {"name": "Can change session", "content_type": 6, "codename": "change_session"}}, {"model": "auth.permission", "pk": 23, "fields": {"name": "Can delete session", "content_type": 6, "codename": "delete_session"}}, {"model": "auth.permission", "pk": 24, "fields": {"name": "Can view session", "content_type": 6, "codename": "view_session"}}, {"model": "auth.permission", "pk": 25, "fields": {"name": "Can add transaction", "content_type": 7, "codename": "add_transaction"}}, {"model": "auth.permission", "pk": 26, "fields": {"name": "Can change transaction", "content_type": 7, "codename": "change_transaction"}}, {"model": "auth.permission", "pk": 27, "fields": {"name": "Can delete transaction", "content_type": 7, "codename": "delete_transaction"}}, {"model": "auth.permission", "pk": 28, "fields": {"name": "Can view transaction", "content_type": 7, "codename": "view_transaction"}}, {"model": "auth.permission", "pk": 29, "fields": {"name": "Can add account", "content_type": 8, "codename": "add_account"}}, {"model": "auth.permission", "pk": 30, "fields": {"name": "Can change account", "content_type": 8, "codename": "change_account"}}, {"model": "auth.permission", "pk": 31, "fields": {"name": "Can delete account", "content_type": 8, "codename": "delete_account"}}, {"model": "auth.permission", "pk": 32, "fields": {"name": "Can view account", "content_type": 8, "codename": "view_account"}}, {"model": "auth.permission", "pk": 33, "fields": {"name": "Can add category", "content_type": 9, "codename": "add_category"}}, {"model": "auth.permission", "pk": 34, "fields": {"name": "Can change category", "content_type": 9, "codename": "change_category"}}, {"model": "auth.permission", "pk": 35, "fields": {"name": "Can delete category", "content_type": 9, "codename": "delete_category"}}, {"model": "auth.permission", "pk": 36, "fields": {"name": "Can view category", "content_type": 9, "codename": "view_category"}}, {"model": "auth.user", "pk": 1, "fields": {"password": "pbkdf2_sha256$720000$Xnf5LbNqPQb6wNxxq8uJze$QNRUNv8unHvf8faoVM7f6jiJFSA7A1nw2I7yNpsXEs8=", "last_login": "2024-08-08T03:21:12.499Z", "is_superuser": true, "username": "admin", "first_name": "", "last_name": "", "email": "jake@ftgg.com", "is_staff": true, "is_active": true, "date_joined": "2024-08-07T17:14:37.585Z", "groups": [], "user_permissions": []}}, {"model": "contenttypes.contenttype", "pk": 1, "fields": {"app_label": "admin", "model": "logentry"}}, {"model": "contenttypes.contenttype", "pk": 2, "fields": {"app_label": "auth", "model": "permission"}}, {"model": "contenttypes.contenttype", "pk": 3, "fields": {"app_label": "auth", "model": "group"}}, {"model": "contenttypes.contenttype", "pk": 4, "fields": {"app_label": "auth", "model": "user"}}, {"model": "contenttypes.contenttype", "pk": 5, "fields": {"app_label": "contenttypes", "model": "contenttype"}}, {"model": "contenttypes.contenttype", "pk": 6, "fields": {"app_label": "sessions", "model": "session"}}, {"model": "contenttypes.contenttype", "pk": 7, "fields": {"app_label": "tracker", "model": "transaction"}}, {"model": "contenttypes.contenttype", "pk": 8, "fields": {"app_label": "tracker", "model": "account"}}, {"model": "contenttypes.contenttype", "pk": 9, "fields": {"app_label": "tracker", "model": "category"}}, {"model": "sessions.session", "pk": "ng5als4lzivle7pkdbjcqgdnpf1m6mtq", "fields": {"session_data": ".eJxVjMEOwiAQRP-FsyGLa4F49O43kN0FpGpoUtpT479Lkx70-GbezKYCrUsJa0tzGKO6KqNOvxmTvFLdi_ik-pi0THWZR9a7oo-26fsU0_t2uH8HhVrpa-cYBSBLAntxiDmajoTQmdFbyGRRiByDZD8An62D7CkOyXRE9fkC3xo3qw:1sbtiC:9NdLx4rR6Z4gYdkRUXtG4kT8sAcQVXhJKu4nK4NtN4I", "expire_date": "2024-08-22T03:21:12.502Z"}}, {"model": "tracker.category", "pk": 5, "fields": {"name": "Bills", "user": 1}}, {"model": "tracker.category", "pk": 6, "fields": {"name": "Dining Out", "user": 1}}, {"model": "tracker.category", "pk": 7, "fields": {"name": "Entertainment", "user": 1}}, {"model": "tracker.category", "pk": 8, "fields": {"name": "Gifts", "user": 1}}, {"model": "tracker.category", "pk": 9, "fields": {"name": "Groceries", "user": 1}}, {"model": "tracker.category", "pk": 10, "fields": {"name": "Other", "user": 1}}, {"model": "tracker.category", "pk": 11, "fields": {"name": "Random Impulse Buy", "user": 1}}, {"model": "tracker.category", "pk": 12, "fields": {"name": "Shopping", "user": 1}}, {"model": "tracker.category", "pk": 13, "fields": {"name": "Business", "user": 1}}, {"model": "tracker.category", "pk": 14, "fields": {"name": "Investments", "user": 1}}, {"model": "tracker.category", "pk": 15, "fields": {"name": "Salary", "user": 1}}, {"model": "tracker.account", "pk": 6, "fields": {"name": "Checkings", "balance": "1500.00", "user": 1}}, {"model": "tracker.account", "pk": 7, "fields": {"name": "Savings", "balance": "5000.00", "user": 1}}, {"model": "tracker.account", "pk": 8, "fields": {"name": "Credit Card", "balance": "-1200.00", "user": 1}}, {"model": "tracker.account", "pk": 9, "fields": {"name": "Investments", "balance": "12000.00", "user": 1}}, {"model": "tracker.transaction", "pk": 16, "fields": {"title": "test", "amount": "1212.00", "date": "2024-03-11", "type": "expense", "category": 8, "user": null}}, {"model": "tracker.transaction", "pk": 17, "fields": {"title": "mall trip", "amount": "23452135.00", "date": "2023-05-02", "type": "expense", "category": 12, "user": null}}, {"model": "tracker.transaction", "pk": 18, "fields": {"title": "guitar", "amount": "23.42", "date": "2024-08-08", "type": "expense", "category": 7, "user": null}}, {"model": "tracker.transaction", "pk": 19, "fields": {"title": "Pay Check", "amount": "3000.00", "date": "2024-08-01", "type": "income", "category": 15, "user": 1}}, {"model": "tracker.transaction", "pk": 20, "fields": {"title": "Pay Check", "amount": "3000.00", "date": "2024-07-01", "type": "income", "category": 15, "user": 1}}, {"model": "tracker.transaction", "pk": 21, "fields": {"title": "Business Profit", "amount": "1500.00", "date": "2024-08-03", "type": "income", "category": 13, "user": 1}}, {"model": "tracker.transaction", "pk": 22, "fields": {"title": "Business Profit", "amount": "1200.00", "date": "2024-07-03", "type": "income", "category": 13, "user": 1}}, {"model": "tracker.transaction", "pk": 23, "fields": {"title": "Selling Stocks", "amount": "800.00", "date": "2024-08-08", "type": "income", "category": 14, "user": 1}}, {"model": "tracker.transaction", "pk": 24, "fields": {"title": "Selling Stocks", "amount": "1400.00", "date": "2024-07-24", "type": "income", "category": 14, "user": 1}}, {"model": "tracker.transaction", "pk": 25, "fields": {"title": "Bonus", "amount": "4000.00", "date": "2024-06-11", "type": "income", "category": 15, "user": 1}}, {"model": "tracker.transaction", "pk": 26, "fields": {"title": "Electricity Bill", "amount": "120.00", "date": "2024-07-27", "type": "expense", "category": 5, "user": 1}}, {"model": "tracker.transaction", "pk": 27, "fields": {"title": "Water Bill", "amount": "60.00", "date": "2024-07-24", "type": "expense", "category": 5, "user": 1}}, {"model": "tracker.transaction", "pk": 28, "fields": {"title": "Internet Bill", "amount": "70.00", "date": "2024-07-24", "type": "expense", "category": 5, "user": 1}}, {"model": "tracker.transaction", "pk": 29, "fields": {"title": "Phone Bill", "amount": "55.00", "date": "2024-07-24", "type": "expense", "category": 5, "user": 1}}, {"model": "tracker.transaction", "pk": 30, "fields": {"title": "Restaurant", "amount": "100.00", "date": "2024-08-08", "type": "expense", "category": 6, "user": 1}}, {"model": "tracker.transaction", "pk": 31, "fields": {"title": "Coffee", "amount": "2.00", "date": "2024-07-11", "type": "expense", "category": 6, "user": 1}}, {"model": "tracker.transaction", "pk": 32, "fields": {"title": "McDonalds", "amount": "250.00", "date": "2024-08-01", "type": "expense", "category": 6, "user": 1}}, {"model": "tracker.transaction", "pk": 33, "fields": {"title": "New Deadpool", "amount": "40.00", "date": "2024-08-03", "type": "expense", "category": 7, "user": 1}}, {"model": "tracker.transaction", "pk": 34, "fields": {"title": "Concert", "amount": "120.00", "date": "2024-07-02", "type": "expense", "category": 7, "user": 1}}, {"model": "tracker.transaction", "pk": 35, "fields": {"title": "Sports Event", "amount": "200.00", "date": "2024-04-03", "type": "expense", "category": 7, "user": 1}}, {"model": "tracker.transaction", "pk": 36, "fields": {"title": "Birthday Gift", "amount": "50.00", "date": "2024-06-04", "type": "expense", "category": 8, "user": 1}}, {"model": "tracker.transaction", "pk": 37, "fields": {"title": "Christmas", "amount": "500.00", "date": "2023-12-25", "type": "expense", "category": 8, "user": 1}}, {"model": "tracker.transaction", "pk": 38, "fields": {"title": "Fix Car", "amount": "2500.00", "date": "2024-08-08", "type": "expense", "category": 10, "user": 1}}, {"model": "tracker.transaction", "pk": 39, "fields": {"title": "Medical Stuff", "amount": "1500000.00", "date": "2024-07-18", "type": "expense", "category": 10, "user": 1}}, {"model": "tracker.transaction", "pk": 40, "fields": {"title": "Misc Purchase", "amount": "85.00", "date": "2024-08-06", "type": "expense", "category": 10, "user": 1}}, {"model": "tracker.transaction", "pk": 41, "fields": {"title": "New House For Fun", "amount": "1500000.00", "date": "2024-08-06", "type": "expense", "category": 11, "user": 1}}, {"model": "tracker.transaction", "pk": 42, "fields": {"title": "Drum Kit", "amount": "2000.00", "date": "2024-08-04", "type": "expense", "category": 11, "user": 1}}, {"model": "tracker.transaction", "pk": 43, "fields": {"title": "Clothes", "amount": "100.00", "date": "2024-08-08", "type": "expense", "category": 12, "user": 1}}, {"model": "tracker.transaction", "pk": 44, "fields": {"title": "Shoes", "amount": "200.00", "date": "2024-08-08", "type": "expense", "category": 12, "user": 1}}, {"model": "tracker.transaction", "pk": 45, "fields": {"title": "Accessories", "amount": "64.21", "date": "2024-06-13", "type": "expense", "category": 11, "user": 1}}, {"model": "tracker.transaction", "pk": 46, "fields": {"title": "Amazon Prime Day", "amount": "25000.00", "date": "2024-06-13", "type": "expense", "category": 12, "user": 1}}, {"model": "tracker.transaction", "pk": 47, "fields": {"title": "Mall Trip", "amount": "420.00", "date": "2024-08-08", "type": "expense", "category": 12, "user": 1}}]